INSERT INTO `sys_user`(`user_id`, `login_no`, `username`, `password`, `state`, `is_system`, `salt`, `login_count`, `last_time`, `last_ip`, `created_by`, `created_time`, `modified_by`, `modified_time`, `phone`, `email`, `head_image`) VALUES (1, 'wueasy', '超级管理员1', 'eb05a2889519ee1d044d171717fabb96d9f0f4e558cb3319c14118a2865446fffbb0b70d317ab97fbcb3446e567d3e401e6ea3f20e5d7ec4e05fe051934c9872', '1', '1', 'LTkyJShlBx', 0, '2019-01-06 12:31:48', '0:0:0:0:0:0:0:1', NULL, NULL, 1, '2018-08-23 00:04:12', '', '', '');


INSERT INTO `sys_group`(`group_id`, `group_name`) VALUES (1, '基础管理系统');


INSERT INTO `sys_parameter_type`(`id`, `param_no`, `param_name`, `parent_id`, `is_system`, `description`, `created_by`, `created_time`, `modified_by`, `modified_time`) VALUES (10002, 'userLogin', '用户登录配置', 0, '1', '用户登录限制', 1, '2018-04-12 19:37:25', 1, '2018-05-16 20:50:11');
INSERT INTO `sys_parameter_type`(`id`, `param_no`, `param_name`, `parent_id`, `is_system`, `description`, `created_by`, `created_time`, `modified_by`, `modified_time`) VALUES (10003, 'template', '模板配置', 0, '1', '', 1, '2018-04-15 23:52:11', 1, '2018-04-15 23:52:11');
INSERT INTO `sys_parameter_type`(`id`, `param_no`, `param_name`, `parent_id`, `is_system`, `description`, `created_by`, `created_time`, `modified_by`, `modified_time`) VALUES (10006, 'captcha', '验证码', 0, '1', '', 1, '2018-12-13 21:35:37', 1, '2018-12-13 21:35:37');



INSERT INTO `sys_parameter_value`(`id`, `param_type_id`, `item_key`, `item_value`, `description`, `state`, `encrypt`, `orderline`, `created_by`, `created_time`, `modified_by`, `modified_time`) VALUES (10008, 10002, 'failedType', 'day', '登录失败类型，day:当天,hour:小时,minute:分钟 ，默认day', '1', '0', 1, 1, '2018-04-12 19:38:02', 1, '2018-04-12 21:43:06');
INSERT INTO `sys_parameter_value`(`id`, `param_type_id`, `item_key`, `item_value`, `description`, `state`, `encrypt`, `orderline`, `created_by`, `created_time`, `modified_by`, `modified_time`) VALUES (10009, 10002, 'failedTime', '1', '失败时间配置，和failedType对应', '1', '0', 2, 1, '2018-04-12 19:38:21', 1, '2018-04-12 21:43:13');
INSERT INTO `sys_parameter_value`(`id`, `param_type_id`, `item_key`, `item_value`, `description`, `state`, `encrypt`, `orderline`, `created_by`, `created_time`, `modified_by`, `modified_time`) VALUES (10010, 10002, 'failedMaxNum', '5', '用户登录失败最大次数 0:不限制', '1', '0', 1, 1, '2018-04-12 19:38:43', 1, '2018-05-19 09:39:39');
INSERT INTO `sys_parameter_value`(`id`, `param_type_id`, `item_key`, `item_value`, `description`, `state`, `encrypt`, `orderline`, `created_by`, `created_time`, `modified_by`, `modified_time`) VALUES (10011, 10002, 'userPwdRegularUpdate', '90', '用户密码定期修改限制   0:不限制，其他值:多少天过期', '1', '0', 2, 1, '2018-04-12 19:39:03', 1, '2018-05-19 09:39:50');
INSERT INTO `sys_parameter_value`(`id`, `param_type_id`, `item_key`, `item_value`, `description`, `state`, `encrypt`, `orderline`, `created_by`, `created_time`, `modified_by`, `modified_time`) VALUES (10012, 10002, 'userPwdRegularUpdateRemindTime', '3', '用户密码修改提醒时间  0:不限制，其他值:多少天内提醒', '1', '0', NULL, 1, '2018-04-12 19:39:15', 1, '2018-04-12 19:39:15');
INSERT INTO `sys_parameter_value`(`id`, `param_type_id`, `item_key`, `item_value`, `description`, `state`, `encrypt`, `orderline`, `created_by`, `created_time`, `modified_by`, `modified_time`) VALUES (10013, 10002, 'isFirstLoginUpdatePwd', '1', '是否启用首次登录修改密码  0:不启用，1:启用', '1', '0', NULL, 1, '2018-04-12 19:39:26', 1, '2018-04-12 19:39:26');
INSERT INTO `sys_parameter_value`(`id`, `param_type_id`, `item_key`, `item_value`, `description`, `state`, `encrypt`, `orderline`, `created_by`, `created_time`, `modified_by`, `modified_time`) VALUES (10014, 10003, 'publishPath', 'F:\\temp\\xxx', '发布路径', '1', '0', 1, 1, '2018-04-15 23:53:15', 1, '2018-09-16 15:08:50');
INSERT INTO `sys_parameter_value`(`id`, `param_type_id`, `item_key`, `item_value`, `description`, `state`, `encrypt`, `orderline`, `created_by`, `created_time`, `modified_by`, `modified_time`) VALUES (10020, 10006, 'type', '0', '验证码类型，0：不开通验证码,1：普通验证码，2：腾讯验证码', '1', '0', 1544708161701, 1, '2018-12-13 21:36:02', 1, '2019-01-03 22:57:00');
INSERT INTO `sys_parameter_value`(`id`, `param_type_id`, `item_key`, `item_value`, `description`, `state`, `encrypt`, `orderline`, `created_by`, `created_time`, `modified_by`, `modified_time`) VALUES (10021, 10006, 'qqAppId', '2021508681', '腾讯验证码appId', '1', '0', 1544708176788, 1, '2018-12-13 21:36:17', 1, '2018-12-13 21:36:17');
INSERT INTO `sys_parameter_value`(`id`, `param_type_id`, `item_key`, `item_value`, `description`, `state`, `encrypt`, `orderline`, `created_by`, `created_time`, `modified_by`, `modified_time`) VALUES (10022, 10006, 'qqAppSecretKey', '00r48JQYY998fdXazTiEW0g**', '腾讯验证码验证密钥', '1', '0', 1544708194125, 1, '2018-12-13 21:36:34', 1, '2018-12-13 21:36:34');



INSERT INTO `sys_menu`(`menu_id`, `menu_name`, `description`, `state`, `parent_id`, `link_url`, `font_icon`, `route`, `orderline`, `created_by`, `created_time`, `modified_by`, `modified_time`, `group_id`) VALUES (1009, '系统管理', '', '1', 1, '', 'fa-cogs', NULL, 0, 1, '2018-01-19 19:32:13', 1, '2018-03-01 23:14:29', 1);
INSERT INTO `sys_menu`(`menu_id`, `menu_name`, `description`, `state`, `parent_id`, `link_url`, `font_icon`, `route`, `orderline`, `created_by`, `created_time`, `modified_by`, `modified_time`, `group_id`) VALUES (1010, '用户管理', '', '1', 1019, '/frame/system-user-account-index', 'fa-user-o', NULL, 3, 1, '2018-01-19 19:32:38', 1, '2018-01-19 19:32:38', 1);
INSERT INTO `sys_menu`(`menu_id`, `menu_name`, `description`, `state`, `parent_id`, `link_url`, `font_icon`, `route`, `orderline`, `created_by`, `created_time`, `modified_by`, `modified_time`, `group_id`) VALUES (1011, '登录日志', '', '1', 1021, '/frame/system-user-loginlog-index', 'fa-address-card', NULL, 10, 1, '2018-01-19 19:33:00', 1, '2018-01-19 19:33:00', 1);
INSERT INTO `sys_menu`(`menu_id`, `menu_name`, `description`, `state`, `parent_id`, `link_url`, `font_icon`, `route`, `orderline`, `created_by`, `created_time`, `modified_by`, `modified_time`, `group_id`) VALUES (1012, '菜单管理', '', '1', 1019, '/frame/system-menu-index', 'fa-navicon', NULL, 2, 1, '2018-01-19 19:33:17', 1, '2018-01-19 19:33:17', 1);
INSERT INTO `sys_menu`(`menu_id`, `menu_name`, `description`, `state`, `parent_id`, `link_url`, `font_icon`, `route`, `orderline`, `created_by`, `created_time`, `modified_by`, `modified_time`, `group_id`) VALUES (1013, '权限管理中心', '', '1', 1019, '/frame/system-role-index', 'fa-shield', NULL, 4, 1, '2018-01-19 19:33:29', 1, '2018-01-21 14:49:10', 1);
INSERT INTO `sys_menu`(`menu_id`, `menu_name`, `description`, `state`, `parent_id`, `link_url`, `font_icon`, `route`, `orderline`, `created_by`, `created_time`, `modified_by`, `modified_time`, `group_id`) VALUES (1015, '数据字典管理', '', '1', 1020, '/frame/system-enum-index', 'fa-book', NULL, 8, 1, '2018-01-19 21:59:24', 1, '2018-01-23 17:11:54', 1);
INSERT INTO `sys_menu`(`menu_id`, `menu_name`, `description`, `state`, `parent_id`, `link_url`, `font_icon`, `route`, `orderline`, `created_by`, `created_time`, `modified_by`, `modified_time`, `group_id`) VALUES (1016, '系统参数管理', '', '1', 1020, '/frame/system-parameter-index', 'fa-cog', NULL, 7, 1, '2018-01-23 12:30:56', 1, '2018-01-23 17:13:10', 1);
INSERT INTO `sys_menu`(`menu_id`, `menu_name`, `description`, `state`, `parent_id`, `link_url`, `font_icon`, `route`, `orderline`, `created_by`, `created_time`, `modified_by`, `modified_time`, `group_id`) VALUES (1017, '操作日志', '', '1', 1021, '/frame/system-log-index', 'fa-commenting', NULL, 11, 1, '2018-01-23 20:27:59', 1, '2018-01-26 19:24:27', 1);
INSERT INTO `sys_menu`(`menu_id`, `menu_name`, `description`, `state`, `parent_id`, `link_url`, `font_icon`, `route`, `orderline`, `created_by`, `created_time`, `modified_by`, `modified_time`, `group_id`) VALUES (1019, '基础功能', '', '1', 1009, '', 'fa-bandcamp', NULL, 1, 1, '2018-01-24 23:26:28', 1, '2018-03-01 23:19:53', 1);
INSERT INTO `sys_menu`(`menu_id`, `menu_name`, `description`, `state`, `parent_id`, `link_url`, `font_icon`, `route`, `orderline`, `created_by`, `created_time`, `modified_by`, `modified_time`, `group_id`) VALUES (1020, '系统配置', '', '1', 1009, '', 'fa-cog', NULL, 6, 1, '2018-01-24 23:29:49', 1, '2018-03-01 23:13:50', 1);
INSERT INTO `sys_menu`(`menu_id`, `menu_name`, `description`, `state`, `parent_id`, `link_url`, `font_icon`, `route`, `orderline`, `created_by`, `created_time`, `modified_by`, `modified_time`, `group_id`) VALUES (1021, '系统日志', '', '1', 1009, '', 'fa-history', NULL, 9, 1, '2018-01-24 23:29:58', 1, '2018-03-01 23:20:19', 1);
INSERT INTO `sys_menu`(`menu_id`, `menu_name`, `description`, `state`, `parent_id`, `link_url`, `font_icon`, `route`, `orderline`, `created_by`, `created_time`, `modified_by`, `modified_time`, `group_id`) VALUES (1030, '组织机构管理', '', '1', 1019, '/frame/system-org-index', 'fa-building', NULL, 5, 1, '2018-02-02 23:06:34', 1, '2018-02-03 13:54:10', 1);
INSERT INTO `sys_menu`(`menu_id`, `menu_name`, `description`, `state`, `parent_id`, `link_url`, `font_icon`, `route`, `orderline`, `created_by`, `created_time`, `modified_by`, `modified_time`, `group_id`) VALUES (1031, '定时任务管理', '', '1', 1009, '', 'fa-tasks', NULL, 12, 1, '2018-02-23 21:14:31', 1, '2018-03-01 23:09:50', 1);
INSERT INTO `sys_menu`(`menu_id`, `menu_name`, `description`, `state`, `parent_id`, `link_url`, `font_icon`, `route`, `orderline`, `created_by`, `created_time`, `modified_by`, `modified_time`, `group_id`) VALUES (1032, '作业维度', '', '1', 1031, '/frame/system-job-jobs-index', 'fa-tasks', NULL, 13, 1, '2018-02-23 21:17:13', 1, '2018-03-01 23:10:51', 1);
INSERT INTO `sys_menu`(`menu_id`, `menu_name`, `description`, `state`, `parent_id`, `link_url`, `font_icon`, `route`, `orderline`, `created_by`, `created_time`, `modified_by`, `modified_time`, `group_id`) VALUES (1033, '服务器维度', '', '1', 1031, '/frame/system-job-servers-index', 'fa-server', NULL, 14, 1, '2018-02-23 21:17:22', 1, '2018-03-01 23:11:21', 1);
INSERT INTO `sys_menu`(`menu_id`, `menu_name`, `description`, `state`, `parent_id`, `link_url`, `font_icon`, `route`, `orderline`, `created_by`, `created_time`, `modified_by`, `modified_time`, `group_id`) VALUES (1034, '历史轨迹', '', '1', 1031, '/frame/system-job-log-execution-index', 'fa-history', NULL, 15, 1, '2018-02-23 21:18:23', 1, '2018-03-01 23:12:28', 1);
INSERT INTO `sys_menu`(`menu_id`, `menu_name`, `description`, `state`, `parent_id`, `link_url`, `font_icon`, `route`, `orderline`, `created_by`, `created_time`, `modified_by`, `modified_time`, `group_id`) VALUES (1035, '历史状态', '', '1', 1031, '/frame/system-job-log-status-index', 'fa-history', NULL, 16, 1, '2018-02-23 21:18:31', 1, '2018-03-01 23:12:22', 1);


INSERT INTO `sys_menu_function`(`id`, `menu_id`, `name`, `link_url`, `funcs`, `orderline`, `created_by`, `created_time`, `modified_by`, `modified_time`) VALUES (10011, 1010, '查询用户列表', '', 'S1003', NULL, 1, '2018-01-21 17:32:19', 1, '2018-01-21 17:32:19');
INSERT INTO `sys_menu_function`(`id`, `menu_id`, `name`, `link_url`, `funcs`, `orderline`, `created_by`, `created_time`, `modified_by`, `modified_time`) VALUES (10012, 1010, '新增用户', '/frame/system-user-account-add', 'S1004', NULL, 1, '2018-01-21 17:32:41', 1, '2018-01-21 17:32:41');
INSERT INTO `sys_menu_function`(`id`, `menu_id`, `name`, `link_url`, `funcs`, `orderline`, `created_by`, `created_time`, `modified_by`, `modified_time`) VALUES (10013, 1010, '修改用户', '/frame/system-user-account-edit', 'S1006,S1005', NULL, 1, '2018-01-21 17:33:07', 1, '2018-01-21 17:33:07');
INSERT INTO `sys_menu_function`(`id`, `menu_id`, `name`, `link_url`, `funcs`, `orderline`, `created_by`, `created_time`, `modified_by`, `modified_time`) VALUES (10014, 1010, '激活', '', 'S1007', NULL, 1, '2018-01-21 17:33:59', 1, '2018-01-21 17:33:59');
INSERT INTO `sys_menu_function`(`id`, `menu_id`, `name`, `link_url`, `funcs`, `orderline`, `created_by`, `created_time`, `modified_by`, `modified_time`) VALUES (10015, 1010, '锁定', '', 'S1009', NULL, 1, '2018-01-21 17:34:10', 1, '2018-01-21 17:34:10');
INSERT INTO `sys_menu_function`(`id`, `menu_id`, `name`, `link_url`, `funcs`, `orderline`, `created_by`, `created_time`, `modified_by`, `modified_time`) VALUES (10016, 1010, '注销', '', 'S1008', NULL, 1, '2018-01-21 17:34:22', 1, '2018-01-21 17:34:22');
INSERT INTO `sys_menu_function`(`id`, `menu_id`, `name`, `link_url`, `funcs`, `orderline`, `created_by`, `created_time`, `modified_by`, `modified_time`) VALUES (10017, 1010, '重置密码', '/frame/system-user-account-resetPwd', 'S1010', NULL, 1, '2018-01-21 17:35:00', 1, '2018-01-21 17:35:00');
INSERT INTO `sys_menu_function`(`id`, `menu_id`, `name`, `link_url`, `funcs`, `orderline`, `created_by`, `created_time`, `modified_by`, `modified_time`) VALUES (10018, 1011, '登录日志查询', '', 'S1011', NULL, 1, '2018-01-21 17:39:18', 1, '2018-01-21 17:39:18');
INSERT INTO `sys_menu_function`(`id`, `menu_id`, `name`, `link_url`, `funcs`, `orderline`, `created_by`, `created_time`, `modified_by`, `modified_time`) VALUES (10019, 1012, '查询菜单列表', '', 'S1012', NULL, 1, '2018-01-21 17:40:01', 1, '2018-01-21 17:40:01');
INSERT INTO `sys_menu_function`(`id`, `menu_id`, `name`, `link_url`, `funcs`, `orderline`, `created_by`, `created_time`, `modified_by`, `modified_time`) VALUES (10020, 1012, '新增菜单', '/frame/system-menu-add', 'S1013', NULL, 1, '2018-01-21 17:40:38', 1, '2018-01-21 17:40:38');
INSERT INTO `sys_menu_function`(`id`, `menu_id`, `name`, `link_url`, `funcs`, `orderline`, `created_by`, `created_time`, `modified_by`, `modified_time`) VALUES (10021, 1012, '修改菜单', '/frame/system-menu-edit', 'S1015,S1014', NULL, 1, '2018-01-21 17:41:58', 1, '2018-01-21 17:42:23');
INSERT INTO `sys_menu_function`(`id`, `menu_id`, `name`, `link_url`, `funcs`, `orderline`, `created_by`, `created_time`, `modified_by`, `modified_time`) VALUES (10022, 1012, '删除菜单', '', 'S1016', NULL, 1, '2018-01-21 17:42:18', 1, '2018-01-21 17:42:18');
INSERT INTO `sys_menu_function`(`id`, `menu_id`, `name`, `link_url`, `funcs`, `orderline`, `created_by`, `created_time`, `modified_by`, `modified_time`) VALUES (10023, 1012, '查询按钮资源列表', '', 'S1017', NULL, 1, '2018-01-21 17:42:56', 1, '2018-01-21 17:42:56');
INSERT INTO `sys_menu_function`(`id`, `menu_id`, `name`, `link_url`, `funcs`, `orderline`, `created_by`, `created_time`, `modified_by`, `modified_time`) VALUES (10024, 1012, '新增按钮资源', '/frame/system-menu-addFunc', 'S1018', NULL, 1, '2018-01-21 17:43:14', 1, '2018-01-21 17:43:14');
INSERT INTO `sys_menu_function`(`id`, `menu_id`, `name`, `link_url`, `funcs`, `orderline`, `created_by`, `created_time`, `modified_by`, `modified_time`) VALUES (10025, 1012, '修改按钮资源', '/frame/system-menu-editFunc', 'S1020,S1019', NULL, 1, '2018-01-21 17:43:49', 1, '2018-01-21 17:43:49');
INSERT INTO `sys_menu_function`(`id`, `menu_id`, `name`, `link_url`, `funcs`, `orderline`, `created_by`, `created_time`, `modified_by`, `modified_time`) VALUES (10026, 1012, '删除按钮资源', '', 'S1021', NULL, 1, '2018-01-21 17:44:38', 1, '2018-01-21 17:44:38');
INSERT INTO `sys_menu_function`(`id`, `menu_id`, `name`, `link_url`, `funcs`, `orderline`, `created_by`, `created_time`, `modified_by`, `modified_time`) VALUES (10027, 1013, '查询角色列表', '', 'S1023', NULL, 1, '2018-01-21 17:46:17', 1, '2018-01-21 17:46:17');
INSERT INTO `sys_menu_function`(`id`, `menu_id`, `name`, `link_url`, `funcs`, `orderline`, `created_by`, `created_time`, `modified_by`, `modified_time`) VALUES (10028, 1013, '新增角色', '/frame/system-role-add', 'S1024', NULL, 1, '2018-01-21 17:46:39', 1, '2018-01-21 17:46:39');
INSERT INTO `sys_menu_function`(`id`, `menu_id`, `name`, `link_url`, `funcs`, `orderline`, `created_by`, `created_time`, `modified_by`, `modified_time`) VALUES (10029, 1013, '编辑角色', '/frame/system-role-edit', 'S1026,S1025', NULL, 1, '2018-01-21 17:47:10', 1, '2018-01-21 17:47:10');
INSERT INTO `sys_menu_function`(`id`, `menu_id`, `name`, `link_url`, `funcs`, `orderline`, `created_by`, `created_time`, `modified_by`, `modified_time`) VALUES (10030, 1013, '删除角色', '', 'S1027', NULL, 1, '2018-01-21 17:47:29', 1, '2018-01-21 17:47:29');
INSERT INTO `sys_menu_function`(`id`, `menu_id`, `name`, `link_url`, `funcs`, `orderline`, `created_by`, `created_time`, `modified_by`, `modified_time`) VALUES (10031, 1013, '查询角色用户列表', '', 'S1028', NULL, 1, '2018-01-21 17:48:21', 1, '2018-01-21 17:50:27');
INSERT INTO `sys_menu_function`(`id`, `menu_id`, `name`, `link_url`, `funcs`, `orderline`, `created_by`, `created_time`, `modified_by`, `modified_time`) VALUES (10032, 1013, '新增角色用户', '/frame/system-role-userList', 'S1029,S1031', NULL, 1, '2018-01-21 17:49:30', 1, '2018-01-21 17:49:46');
INSERT INTO `sys_menu_function`(`id`, `menu_id`, `name`, `link_url`, `funcs`, `orderline`, `created_by`, `created_time`, `modified_by`, `modified_time`) VALUES (10033, 1013, '删除角色用户', '', 'S1030', NULL, 1, '2018-01-21 17:50:00', 1, '2018-01-21 17:50:00');
INSERT INTO `sys_menu_function`(`id`, `menu_id`, `name`, `link_url`, `funcs`, `orderline`, `created_by`, `created_time`, `modified_by`, `modified_time`) VALUES (10034, 1013, '查询角色权限列表', '', 'S1032', NULL, 1, '2018-01-21 17:50:51', 1, '2018-01-21 17:50:51');
INSERT INTO `sys_menu_function`(`id`, `menu_id`, `name`, `link_url`, `funcs`, `orderline`, `created_by`, `created_time`, `modified_by`, `modified_time`) VALUES (10035, 1013, '保存角色权限', '', 'S1033', NULL, 1, '2018-01-21 17:51:04', 1, '2018-01-21 17:51:04');
INSERT INTO `sys_menu_function`(`id`, `menu_id`, `name`, `link_url`, `funcs`, `orderline`, `created_by`, `created_time`, `modified_by`, `modified_time`) VALUES (10036, 1015, '查询字典分类列表', '', 'S1035', NULL, 1, '2018-01-23 13:30:21', 1, '2018-01-23 13:30:21');
INSERT INTO `sys_menu_function`(`id`, `menu_id`, `name`, `link_url`, `funcs`, `orderline`, `created_by`, `created_time`, `modified_by`, `modified_time`) VALUES (10037, 1015, '新增字典分类', '/frame/system-enum-add', 'S1036', NULL, 1, '2018-01-23 13:30:45', 1, '2018-01-23 13:30:45');
INSERT INTO `sys_menu_function`(`id`, `menu_id`, `name`, `link_url`, `funcs`, `orderline`, `created_by`, `created_time`, `modified_by`, `modified_time`) VALUES (10038, 1015, '修改字典分类', '/frame/system-enum-edit', 'S1038,S1037', NULL, 1, '2018-01-23 13:31:18', 1, '2018-01-23 13:31:18');
INSERT INTO `sys_menu_function`(`id`, `menu_id`, `name`, `link_url`, `funcs`, `orderline`, `created_by`, `created_time`, `modified_by`, `modified_time`) VALUES (10039, 1015, '删除字典分类', '', 'S1039', NULL, 1, '2018-01-23 13:31:35', 1, '2018-01-23 13:31:35');
INSERT INTO `sys_menu_function`(`id`, `menu_id`, `name`, `link_url`, `funcs`, `orderline`, `created_by`, `created_time`, `modified_by`, `modified_time`) VALUES (10040, 1015, '查询字典枚举列表', '', 'S1040', NULL, 1, '2018-01-23 13:32:01', 1, '2018-01-23 13:32:01');
INSERT INTO `sys_menu_function`(`id`, `menu_id`, `name`, `link_url`, `funcs`, `orderline`, `created_by`, `created_time`, `modified_by`, `modified_time`) VALUES (10041, 1015, '新增字典枚举信息', '/frame/system-enum-addEnum', 'S1041', NULL, 1, '2018-01-23 13:32:25', 1, '2018-01-23 13:32:25');
INSERT INTO `sys_menu_function`(`id`, `menu_id`, `name`, `link_url`, `funcs`, `orderline`, `created_by`, `created_time`, `modified_by`, `modified_time`) VALUES (10042, 1015, '修改字典枚举信息', '/frame/system-enum-editEnum', 'S1043,S1042', NULL, 1, '2018-01-23 13:32:57', 1, '2018-01-23 13:32:57');
INSERT INTO `sys_menu_function`(`id`, `menu_id`, `name`, `link_url`, `funcs`, `orderline`, `created_by`, `created_time`, `modified_by`, `modified_time`) VALUES (10043, 1015, '删除字典枚举信息', '', 'S1044', NULL, 1, '2018-01-23 13:33:16', 1, '2018-01-23 13:33:16');
INSERT INTO `sys_menu_function`(`id`, `menu_id`, `name`, `link_url`, `funcs`, `orderline`, `created_by`, `created_time`, `modified_by`, `modified_time`) VALUES (10044, 1016, '查询参数分类列表', '', 'S1045', NULL, 1, '2018-01-23 13:34:42', 1, '2018-01-23 13:34:42');
INSERT INTO `sys_menu_function`(`id`, `menu_id`, `name`, `link_url`, `funcs`, `orderline`, `created_by`, `created_time`, `modified_by`, `modified_time`) VALUES (10045, 1016, '新增参数类别', '/frame/system-parameter-addType', 'S1046', NULL, 1, '2018-01-23 13:35:06', 1, '2018-01-23 13:35:06');
INSERT INTO `sys_menu_function`(`id`, `menu_id`, `name`, `link_url`, `funcs`, `orderline`, `created_by`, `created_time`, `modified_by`, `modified_time`) VALUES (10046, 1016, '修改参数类别', '/frame/system-parameter-editType', 'S1048,S1047', NULL, 1, '2018-01-23 13:35:38', 1, '2018-01-23 13:35:38');
INSERT INTO `sys_menu_function`(`id`, `menu_id`, `name`, `link_url`, `funcs`, `orderline`, `created_by`, `created_time`, `modified_by`, `modified_time`) VALUES (10047, 1016, '删除参数类别', '', 'S1049', NULL, 1, '2018-01-23 13:35:54', 1, '2018-01-23 13:35:54');
INSERT INTO `sys_menu_function`(`id`, `menu_id`, `name`, `link_url`, `funcs`, `orderline`, `created_by`, `created_time`, `modified_by`, `modified_time`) VALUES (10048, 1016, '查询参数列表', '', 'S1050', NULL, 1, '2018-01-23 13:36:31', 1, '2018-01-23 13:36:31');
INSERT INTO `sys_menu_function`(`id`, `menu_id`, `name`, `link_url`, `funcs`, `orderline`, `created_by`, `created_time`, `modified_by`, `modified_time`) VALUES (10049, 1016, '新增参数', '/frame/system-parameter-add', 'S1051', NULL, 1, '2018-01-23 13:36:52', 1, '2018-01-23 13:36:52');
INSERT INTO `sys_menu_function`(`id`, `menu_id`, `name`, `link_url`, `funcs`, `orderline`, `created_by`, `created_time`, `modified_by`, `modified_time`) VALUES (10050, 1016, '修改参数', '/frame/system-parameter-edit', 'S1053,S1052', NULL, 1, '2018-01-23 13:37:26', 1, '2018-01-23 13:37:26');
INSERT INTO `sys_menu_function`(`id`, `menu_id`, `name`, `link_url`, `funcs`, `orderline`, `created_by`, `created_time`, `modified_by`, `modified_time`) VALUES (10051, 1016, '删除参数', '', 'S1054', NULL, 1, '2018-01-23 13:37:42', 1, '2018-01-23 13:37:42');
INSERT INTO `sys_menu_function`(`id`, `menu_id`, `name`, `link_url`, `funcs`, `orderline`, `created_by`, `created_time`, `modified_by`, `modified_time`) VALUES (10052, 1017, '查询系统日子记录', '', 'S1055', NULL, 1, '2018-01-23 20:36:09', 1, '2018-01-23 20:36:09');
INSERT INTO `sys_menu_function`(`id`, `menu_id`, `name`, `link_url`, `funcs`, `orderline`, `created_by`, `created_time`, `modified_by`, `modified_time`) VALUES (10053, 1017, '查询日志详情', '/frame/system-log-detail', 'S1056', NULL, 1, '2018-01-23 20:36:40', 1, '2018-01-23 20:36:40');
INSERT INTO `sys_menu_function`(`id`, `menu_id`, `name`, `link_url`, `funcs`, `orderline`, `created_by`, `created_time`, `modified_by`, `modified_time`) VALUES (10054, 1012, '调整菜单目录结构', '/frame/system-menu-editCatalog', 'S1058,S1059', NULL, 1, '2018-01-24 23:52:51', 1, '2018-02-01 22:28:37');
INSERT INTO `sys_menu_function`(`id`, `menu_id`, `name`, `link_url`, `funcs`, `orderline`, `created_by`, `created_time`, `modified_by`, `modified_time`) VALUES (10055, 1030, '查询组织机构列表', '', 'S1060', NULL, 1, '2018-02-26 22:19:55', 1, '2018-02-26 22:19:55');
INSERT INTO `sys_menu_function`(`id`, `menu_id`, `name`, `link_url`, `funcs`, `orderline`, `created_by`, `created_time`, `modified_by`, `modified_time`) VALUES (10056, 1030, '新增组织机构', '/frame/system-org-add', 'S1061', NULL, 1, '2018-02-26 22:20:27', 1, '2018-02-26 22:20:27');
INSERT INTO `sys_menu_function`(`id`, `menu_id`, `name`, `link_url`, `funcs`, `orderline`, `created_by`, `created_time`, `modified_by`, `modified_time`) VALUES (10057, 1030, '编辑组织机构信息', '/frame/system-org-edit', 'S1063,S1062', NULL, 1, '2018-02-26 22:21:00', 1, '2018-02-26 22:21:00');
INSERT INTO `sys_menu_function`(`id`, `menu_id`, `name`, `link_url`, `funcs`, `orderline`, `created_by`, `created_time`, `modified_by`, `modified_time`) VALUES (10058, 1030, '删除组织机构', '', 'S1064', NULL, 1, '2018-02-26 22:21:22', 1, '2018-02-26 22:21:22');
INSERT INTO `sys_menu_function`(`id`, `menu_id`, `name`, `link_url`, `funcs`, `orderline`, `created_by`, `created_time`, `modified_by`, `modified_time`) VALUES (10059, 1030, '查询组织机构用户列表', '', 'S1065', NULL, 1, '2018-02-26 22:21:47', 1, '2018-02-26 22:21:47');
INSERT INTO `sys_menu_function`(`id`, `menu_id`, `name`, `link_url`, `funcs`, `orderline`, `created_by`, `created_time`, `modified_by`, `modified_time`) VALUES (10060, 1030, '新增组织机构用户', '/frame/system-org-userList', 'S1066,S1067', NULL, 1, '2018-02-26 22:22:24', 1, '2018-02-26 22:22:24');
INSERT INTO `sys_menu_function`(`id`, `menu_id`, `name`, `link_url`, `funcs`, `orderline`, `created_by`, `created_time`, `modified_by`, `modified_time`) VALUES (10061, 1030, '删除组织机构用户', '', 'S1068', NULL, 1, '2018-02-26 22:22:41', 1, '2018-02-26 22:22:41');
INSERT INTO `sys_menu_function`(`id`, `menu_id`, `name`, `link_url`, `funcs`, `orderline`, `created_by`, `created_time`, `modified_by`, `modified_time`) VALUES (10062, 1032, '查询作业列表', '', 'S1071', NULL, 1, '2018-02-26 22:23:34', 1, '2018-02-26 22:23:59');
INSERT INTO `sys_menu_function`(`id`, `menu_id`, `name`, `link_url`, `funcs`, `orderline`, `created_by`, `created_time`, `modified_by`, `modified_time`) VALUES (10063, 1032, '修改作业信息', '/frame/system-job-jobs-edit', 'S1073,S1075', NULL, 1, '2018-02-26 22:24:27', 1, '2018-02-26 22:24:27');
INSERT INTO `sys_menu_function`(`id`, `menu_id`, `name`, `link_url`, `funcs`, `orderline`, `created_by`, `created_time`, `modified_by`, `modified_time`) VALUES (10064, 1032, '查看分片列表', '/frame/system-job-jobs-shardingList', 'S1080', NULL, 1, '2018-02-26 22:25:02', 1, '2018-02-26 22:25:02');
INSERT INTO `sys_menu_function`(`id`, `menu_id`, `name`, `link_url`, `funcs`, `orderline`, `created_by`, `created_time`, `modified_by`, `modified_time`) VALUES (10065, 1032, '触发作业', '', 'S1076', NULL, 1, '2018-02-26 22:25:19', 1, '2018-02-26 22:25:19');
INSERT INTO `sys_menu_function`(`id`, `menu_id`, `name`, `link_url`, `funcs`, `orderline`, `created_by`, `created_time`, `modified_by`, `modified_time`) VALUES (10066, 1032, '作业失效', '', 'S1077', NULL, 1, '2018-02-26 22:25:29', 1, '2018-02-26 22:25:29');
INSERT INTO `sys_menu_function`(`id`, `menu_id`, `name`, `link_url`, `funcs`, `orderline`, `created_by`, `created_time`, `modified_by`, `modified_time`) VALUES (10067, 1032, '终止作业', '', 'S1079', NULL, 1, '2018-02-26 22:25:48', 1, '2018-02-26 22:25:48');
INSERT INTO `sys_menu_function`(`id`, `menu_id`, `name`, `link_url`, `funcs`, `orderline`, `created_by`, `created_time`, `modified_by`, `modified_time`) VALUES (10068, 1032, '作业生效', '', 'S1078', NULL, 1, '2018-02-26 22:25:59', 1, '2018-02-26 22:25:59');
INSERT INTO `sys_menu_function`(`id`, `menu_id`, `name`, `link_url`, `funcs`, `orderline`, `created_by`, `created_time`, `modified_by`, `modified_time`) VALUES (10069, 1032, '删除作业', '', 'S1074', NULL, 1, '2018-02-26 22:26:11', 1, '2018-02-26 22:26:11');
INSERT INTO `sys_menu_function`(`id`, `menu_id`, `name`, `link_url`, `funcs`, `orderline`, `created_by`, `created_time`, `modified_by`, `modified_time`) VALUES (10070, 1032, '作业分片生效', '', 'S1082', NULL, 1, '2018-02-26 22:26:34', 1, '2018-02-26 22:27:00');
INSERT INTO `sys_menu_function`(`id`, `menu_id`, `name`, `link_url`, `funcs`, `orderline`, `created_by`, `created_time`, `modified_by`, `modified_time`) VALUES (10071, 1032, '作业分片失效', '', 'S1081', NULL, 1, '2018-02-26 22:26:54', 1, '2018-02-26 22:26:54');
INSERT INTO `sys_menu_function`(`id`, `menu_id`, `name`, `link_url`, `funcs`, `orderline`, `created_by`, `created_time`, `modified_by`, `modified_time`) VALUES (10072, 1033, '查询服务器列表', '', 'S1072', NULL, 1, '2018-02-26 22:27:33', 1, '2018-02-26 22:27:33');
INSERT INTO `sys_menu_function`(`id`, `menu_id`, `name`, `link_url`, `funcs`, `orderline`, `created_by`, `created_time`, `modified_by`, `modified_time`) VALUES (10073, 1033, '删除服务器', '', 'S1086', NULL, 1, '2018-02-26 22:27:53', 1, '2018-02-26 22:27:53');
INSERT INTO `sys_menu_function`(`id`, `menu_id`, `name`, `link_url`, `funcs`, `orderline`, `created_by`, `created_time`, `modified_by`, `modified_time`) VALUES (10074, 1033, '查询作业列表', '/frame/system-job-servers-serverList', 'S1087', NULL, 1, '2018-02-26 22:28:18', 1, '2018-02-26 22:28:18');
INSERT INTO `sys_menu_function`(`id`, `menu_id`, `name`, `link_url`, `funcs`, `orderline`, `created_by`, `created_time`, `modified_by`, `modified_time`) VALUES (10075, 1033, '服务器生效', '', 'S1084', NULL, 1, '2018-02-26 22:28:35', 1, '2018-02-26 22:28:35');
INSERT INTO `sys_menu_function`(`id`, `menu_id`, `name`, `link_url`, `funcs`, `orderline`, `created_by`, `created_time`, `modified_by`, `modified_time`) VALUES (10076, 1033, '服务器失效', '', 'S1083', NULL, 1, '2018-02-26 22:28:49', 1, '2018-02-26 22:28:49');
INSERT INTO `sys_menu_function`(`id`, `menu_id`, `name`, `link_url`, `funcs`, `orderline`, `created_by`, `created_time`, `modified_by`, `modified_time`) VALUES (10077, 1033, '服务器终止', '', 'S1085', NULL, 1, '2018-02-26 22:29:05', 1, '2018-02-26 22:29:05');
INSERT INTO `sys_menu_function`(`id`, `menu_id`, `name`, `link_url`, `funcs`, `orderline`, `created_by`, `created_time`, `modified_by`, `modified_time`) VALUES (10078, 1033, '作业删除', '', 'S1091', NULL, 1, '2018-02-26 22:29:39', 1, '2018-02-26 22:29:39');
INSERT INTO `sys_menu_function`(`id`, `menu_id`, `name`, `link_url`, `funcs`, `orderline`, `created_by`, `created_time`, `modified_by`, `modified_time`) VALUES (10079, 1033, '作业生效', '', 'S1089', NULL, 1, '2018-02-26 22:29:55', 1, '2018-02-26 22:29:55');
INSERT INTO `sys_menu_function`(`id`, `menu_id`, `name`, `link_url`, `funcs`, `orderline`, `created_by`, `created_time`, `modified_by`, `modified_time`) VALUES (10080, 1033, '作业失效', '', 'S1088', NULL, 1, '2018-02-26 22:30:08', 1, '2018-02-26 22:30:08');
INSERT INTO `sys_menu_function`(`id`, `menu_id`, `name`, `link_url`, `funcs`, `orderline`, `created_by`, `created_time`, `modified_by`, `modified_time`) VALUES (10081, 1033, '作业终止', '', 'S1090', NULL, 1, '2018-02-26 22:30:20', 1, '2018-02-26 22:30:20');
INSERT INTO `sys_menu_function`(`id`, `menu_id`, `name`, `link_url`, `funcs`, `orderline`, `created_by`, `created_time`, `modified_by`, `modified_time`) VALUES (10082, 1034, '查询列表', '', 'S1069', NULL, 1, '2018-02-26 22:30:48', 1, '2018-02-26 22:30:48');
INSERT INTO `sys_menu_function`(`id`, `menu_id`, `name`, `link_url`, `funcs`, `orderline`, `created_by`, `created_time`, `modified_by`, `modified_time`) VALUES (10083, 1035, '查询列表', '', 'S1070', NULL, 1, '2018-02-26 22:31:14', 1, '2018-02-26 22:31:14');
INSERT INTO `sys_menu_function`(`id`, `menu_id`, `name`, `link_url`, `funcs`, `orderline`, `created_by`, `created_time`, `modified_by`, `modified_time`) VALUES (10084, 1011, '导出', '/download/excel/S1092', '', NULL, 1, '2018-03-01 22:01:20', 1, '2018-03-01 22:01:20');
INSERT INTO `sys_menu_function`(`id`, `menu_id`, `name`, `link_url`, `funcs`, `orderline`, `created_by`, `created_time`, `modified_by`, `modified_time`) VALUES (10117, 1013, '查询数据权限', '', 'S1105', NULL, 1, '2018-04-15 21:24:36', 1, '2018-06-02 14:02:45');
INSERT INTO `sys_menu_function`(`id`, `menu_id`, `name`, `link_url`, `funcs`, `orderline`, `created_by`, `created_time`, `modified_by`, `modified_time`) VALUES (10118, 1013, '保存数据权限', '', 'S1106', NULL, 1, '2018-04-15 21:24:46', 1, '2018-06-02 14:02:53');

INSERT INTO `sys_auth_data_model`(`model_id`, `model_no`, `model_name`, `service_name`, `func_nos`, `field`) VALUES (1, 'article', '文章权限', 'TemplateService', 'S1101,S1098,S1093,S1094,S1096,S1095,S1099,S1100,S1097,/preview/article', 'catalogId');


commit;
